StopId,StopName,StopLatitude,StopLongitude
1.50029E+11,Milton Road,51.937981,1.048331255
1.50029E+11,Edgefield Avenue,51.94001603,1.05066659
1.50029E+11,Riverview,51.94276089,1.058565775
1.50029E+11,Queensway,51.94692235,1.056593229
1.5003E+11,Railway Station,51.94868558,1.048257079
1500IM1186,Waldegrave Way,51.93862255,1.050644751
1500IM1815AA,Bendalls Court,51.94495882,1.060854722
1500IM2497,School,51.94095424,1.052636585
1500SPORT1,Sports Centre,51.94110448,1.055164281
390010001,Wades Lane,51.98371886,1.230877515
390010002,Wades Lane,51.98371447,1.231037429
390010008,Bristol Arms,51.95578072,1.267429582
390010009,Caledonia Road,51.95777946,1.268652323
390010010,Caledonia Road,51.95775051,1.268723006
390010011,Kitchener Way,51.95950712,1.267977368
390010012,Kitchener Way,51.95999043,1.267415634
390010013,Great Harlings,51.9618726,1.26635874
390010014,Great Harlings,51.96200976,1.266601671
390010015,School,51.96974926,1.255733783
390010016,School,51.96982562,1.255899504
390010017,The Rose,51.96934868,1.252006026
390010018,The Rose,51.96940053,1.252082592
390010019,Kingsland,51.96957863,1.248891884
390010020,Kingsland,51.96972305,1.248873214
390010021,Erwarton Turn,51.96949441,1.245099711
390010022,Erwarton Turn,51.96957439,1.245134618
390010023,The Boot,51.98072982,1.234259927
390010024,The Boot,51.98072502,1.234434367
390010025,Hill Farm Lane,51.9893299,1.213187985
390010026,Hill Farm Lane,51.98916832,1.21317641
390010027,Forresters Arms,51.98942018,1.21119861
390010028,Forresters Arms,51.98926599,1.211245844
390010029,Red Lion,51.9892855,1.208552135
390010030,Red Lion,51.98918305,1.209010986
390010031,Woodlands,51.98964488,1.204935782
390010032,Woodlands,51.9896165,1.204656958
390010033,Hall Gates,51.99897644,1.186878702
390010034,Hall Gates,51.99886289,1.186754062
390010037,Compasses,51.98284815,1.158261601
390010038,Compasses,51.98282629,1.158405721
390010041,Royal Hospital School,51.97290174,1.147484298
390010042,Royal Hospital School,51.97255747,1.147241717
390010043,Alton Water,51.97058699,1.135818134
390010044,Alton Water,51.97061632,1.136067734
390010045,Kings Head,51.97080674,1.126208095
390010046,Kings Head,51.97069293,1.126768079
390010047,Larksfield Road,51.97045973,1.132154242
390010048,Larksfield Road,51.97035943,1.13220549
390010049,Community Hall,51.96977074,1.118476594
390010050,Community Hall,51.96964749,1.118715575
390010051,Bull,51.96847387,1.088536421
390010052,Bull,51.96844348,1.087981014
390010053,Church,51.9686114,1.075732215
390010054,Church,51.96841241,1.077495012
390010055,Gravel Pit Lane,51.96905963,1.069589019
390010056,Gravel Pit Lane,51.96897517,1.070413224
390010059,Catholic Church,51.9647691,1.063049562
390010060,Catholic Church,51.96466543,1.063231765
390010061,Bus Shelter,51.95762824,1.057161711
390010062,Bus Shelter,51.95747221,1.057282105
390010071,Westerns End,51.96044329,1.065112917
390010072,Westerns End,51.96034529,1.065077111
390010073,Merriam Close,51.96135688,1.068363609
390010074,Merriam Close,51.9616883,1.068415374
390010075,Brooklands School,51.96258818,1.066671556
390010077,Palfrey Heights,51.96326516,1.065887919
390010079,Kings Head,51.96890776,1.022998104
390010080,Kings Head,51.96890367,1.02350746
390010086,Cooks Garage,51.9781471,1.023940855
390010087,Cooks Garage,51.97806068,1.023803957
390010088,Lambe School Hall,51.97339681,1.013485423
390010089,Lambe School Hall,51.97345701,1.013241905
390010090,Red Lion,51.97161548,1.011399999
390010091,Red Lion,51.97155077,1.011468467
390010124,Four Sisters,51.98680582,1.008588505
390010125,Four Sisters,51.98666037,1.009001182
390010126,Foxhall Fields,51.97880718,1.015742056
390010127,Foxhall Fields,51.97866618,1.015980169
390010520,The Tye,52.12729906,1.016178628
390010521,The Tye,52.12728633,1.015973192
390010522,Telephone Box,52.11760435,1.017218398
390010523,Telephone Box,52.11755272,1.017127253
390010524,The Green,52.10653321,1.015112198
390010532,The Boot,52.01211528,1.16660562
390010533,The Boot,52.01180889,1.166627698
390010534,Freston Street,52.00672564,1.165685645
390010535,Freston Street,52.00662298,1.165824132
390010541,Brook Inn,52.03692138,1.086313542
390010549,Motel,52.00413387,1.059982141
390010551,White Horse,52.00254098,1.055866145
390010552,White Horse,52.00238572,1.055957566
390010553,Methodist Church,52.00333921,1.049363069
390010554,Methodist Church,52.00321502,1.049296334
390010555,Post Box,52.00396278,1.042643905
390010556,Post Box,52.00378956,1.042734156
390010557,The Street,52.00483533,1.041245858
390010558,The Street,52.00502086,1.041375025
390010559,Ash Grove,52.00594531,1.043536252
390010560,Ash Grove,52.00587984,1.043633817
390010561,Peters Grove,52.00531932,1.048958556
390010562,Peters Grove,52.00522276,1.049214299
390010563,Garrods,52.00500431,1.05278433
390010564,Garrods,52.00488948,1.052703647
390010572,London Road,52.00623782,1.059659408
390010573,Folly Lane,52.01700508,1.069956804
390010574,Folly Lane,52.01637259,1.069723981
390010575,Maycroft,52.01981152,1.072700162
390010576,Maycroft,52.02011838,1.073348047
390010577,Hotel,52.02630939,1.07872988
390010578,Hotel,52.02799786,1.079851968
390010579,Elm Lane,52.03115378,1.082635291
390010580,Elm Lane,52.03073776,1.082723308
390010581,Garage,52.03589817,1.088634619
390010582,Garage,52.03564126,1.088485654
390010583,London Road,52.03842297,1.090442149
390010584,London Road,52.03833166,1.091179616
390010585,Washbrook Turn,52.05024943,1.096276812
390010586,Washbrook Turn,52.05024309,1.096859878
390010603,Burstall Road,52.05293808,1.072260582
390010605,The George,52.0497986,1.043541425
390010607,Hall,52.04978447,1.037122063
390010618,Hill House,52.05022968,1.053986176
390010621,The Firs,52.04872332,1.048602918
390010654,Church Lane,52.06297883,1.098208348
390010655,Church Lane,52.06310413,1.098231618
390010660,Wild Man,52.06279759,1.094839704
390010661,Wild Man,52.06282738,1.095075232
390010662,Shelter,51.99177796,1.157972545
390010663,Shelter,51.9916355,1.158253889
390010664,Hospital School,51.973996,1.149949365
390010665,Hospital School,51.97388088,1.150217981
390010666,Court Farm,51.96878431,1.090072131
390010667,Court Farm,51.96873521,1.089544553
390010672,Leaping Wells,51.99678778,1.045347914
390010673,Friars,52.0005204,1.053324178
390010706,East End Corner,51.97242234,1.033559293
390010707,East End Corner,51.9724373,1.033676801
390010710,Four Sisters,51.98706218,1.007003355
390010711,Four Sisters,51.98711686,1.007327489
390010838,Carriers Arms,51.97801842,1.017742551
390010839,Carriers Arms,51.97785007,1.017643847
390010842,War Memorial,51.96983382,1.012489054
390010843,War Memorial,51.96985396,1.012053571
390010845,Marina Road,52.00234444,1.183067007
390010846,Marina Road,52.00211733,1.182817728
390010847,Gardeners Arms,51.96799083,1.114028357
390010859,Business Park,51.97015002,1.1204542
390010860,Business Park,51.97032522,1.120291639
390010862,Birch Drive,51.96626263,1.063719307
390010863,Birch Drive,51.96621168,1.063948793
390010864,Temple Pattle,51.95953435,1.060989199
390010865,Temple Pattle,51.95933966,1.061558245
390010892,Gardeners Arms,51.96814409,1.113674965
390011858,Red House,52.0259589,1.159506873
390011859,Red House,52.0260596,1.159776414
390011874,Berners Field,51.98896581,1.158867144
390011875,Berners Field,51.98917931,1.158955019
390030001,Dove Street,52.05648074,1.164331519
390030002,Dove Street,52.05668828,1.165644701
390030003,Majors Corner,52.05771942,1.159400064
390030006,The Dhaka,52.05541314,1.158872489
390030007,Christ Church,52.05590846,1.157506847
390030008,Co-op Education Centre,52.05516372,1.159453049
390030009,Angel Lane,52.05369342,1.160282935
390030012,Fore Street,52.05338693,1.162653863
390030013,Holy Trinity Church,52.05239848,1.165633015
390030014,Holy Trinity Church,52.05233995,1.165468401
390030015,Coprolite Street,52.05188841,1.164867516
390030016,Coprolite Street,52.05174168,1.164638314
390030017,John Street,52.04904258,1.166679349
390030019,Industrial Estate,52.04815348,1.166631032
390030022,Toller Road,52.04537928,1.165778397
390030023,Toller Road,52.04523096,1.165942941
390030024,Oulton Road,52.04447593,1.167931579
390030025,Oulton Road,52.04465929,1.168805131
390030026,Shopping Parade,52.04479829,1.171659257
390030027,Shopping Parade,52.04480561,1.172389081
390030028,Beech Grove,52.04499205,1.175815456
390030029,Beech Grove,52.0448335,1.176358479
390030030,Cliff Lane,52.04431649,1.179851596
390030031,Cliff Lane,52.04456784,1.17986945
390030032,Cliff Lane Triangle,52.04493706,1.17985192
390030033,Cliff Lane Triangle,52.04478904,1.180337333
390030034,Elmhurst Drive,52.04674571,1.177821567
390030035,Elmhurst Drive,52.04731799,1.177278719
390030036,Holywells Park,52.04872353,1.174519367
390030037,Holywells Park,52.04895109,1.174418808
390030038,Cavendish Street,52.05094003,1.168695467
390030039,Cavendish Street,52.05085418,1.168543508
390030040,Grove Lane,52.05683404,1.167916464
390030046,Grange Road,52.05627498,1.169306687
390030047,Grange Road,52.05640693,1.169082595
390030048,Alexandra Park,52.05518604,1.169331687
390030049,Alexandra Park,52.05487565,1.170170477
390030050,Back Hamlet,52.05388868,1.172420217
390030052,Wellesley Road,52.05321345,1.175115051
390030053,Gladstone Road,52.05358293,1.173419769
390030054,Fuschia Lane,52.05267111,1.178548678
390030055,Fuschia Lane,52.05257499,1.179110808
390030067,Hatfield Road,52.04381809,1.181654004
390030068,Hatfield Road,52.04376455,1.181971086
390030073,Old Bell,52.0510648,1.15433502
390030074,Old Bell,52.05090321,1.154659157
390030075,Little Whip Street,52.04966869,1.155418224
390030076,Little Whip Street,52.04903172,1.155694241
390030077,IP-City Centre,52.04805674,1.157507237
390030079,Kenyon Street,52.04742991,1.15539168
390030080,Webb Street,52.04714068,1.154102239
390030083,Rectory Road,52.04739862,1.152194947
390030084,Brooklands,52.04479028,1.154213763
390030085,Brooklands,52.04461503,1.154376447
390030086,Subway,52.04277512,1.153225828
390030087,Subway,52.04263186,1.152865691
390030088,Port Gate 5,52.04078999,1.152123424
390030089,Port Gate 5,52.04066901,1.152275337
390030090,T H Moss,52.03946021,1.151738119
390030091,T H Moss,52.0394157,1.151384963
390030092,Orwells,52.03769013,1.150665583
390030093,Orwells,52.03789779,1.150971871
390030094,West Bank Terminal,52.03616635,1.150135456
390030095,Petrol Station,52.03468475,1.150045814
390030096,Petrol Station,52.03432446,1.149393419
390030097,Oyster Reach,52.03331208,1.150590881
390030098,Oyster Reach,52.03316025,1.150551035
390030099,The Strand,52.03027954,1.153672927
390030100,The Strand,52.03022177,1.153479303
390030101,Tenby Road,52.03807536,1.145340429
390030103,Cardiff Avenue,52.03841184,1.142170189
390030105,Montgomery Road,52.04070271,1.143614414
390030107,Prince Wales Drive,52.04075325,1.145426463
390030109,Swansea Avenue,52.03982355,1.145550746
390030112,Shopping Parade,52.04164677,1.146656036
390030114,Pembroke Close,52.04405975,1.148240463
390030117,Maidenhall Approach,52.04714671,1.148836833
390030118,Willoughby Road,52.04955958,1.149079523
390030119,Willoughby Road,52.04975835,1.151062839
390030120,Car Park,52.05076102,1.150564502
390030121,Car Park,52.05081915,1.150072602
390030122,Railway Station,52.05081026,1.145695585
390030123,Cardinal Park Cinema,52.05322536,1.149891844
390030124,Cardinal Park Cinema,52.0532808,1.150172933
390030125,Cobden Place,52.05818736,1.160396074
390030133,Ipswich Furniture Project,52.05956657,1.148864587
390030134,Ipswich Furniture Project,52.05946741,1.148536611
390030135,Wolsey Theatre,52.05907394,1.147779388
390030136,Wolsey Theatre,52.05916524,1.147391863
390030137,Alderman Park,52.05794689,1.144854991
390030141,Dillwyn Street,52.05788252,1.141538477
390030144,Suffolk Retail Park,52.05814175,1.136537602
390030145,Sainsbury's,52.05848776,1.131309303
390030146,Sainsbury's,52.058348,1.131153618
390030147,Earl Kitchener,52.05871462,1.128188224
390030148,Earl Kitchener,52.05858313,1.128397888
390030149,Dickens Road,52.05819405,1.125438031
390030152,Stella Maris,52.05625397,1.117876385
390030153,Pickwick Road,52.0581477,1.125828732
390030155,Triangle Church,52.05662401,1.127662734
390030157,McDonald's,52.05687182,1.132888647
390030158,Bingo Hall,52.05548398,1.133331291
390030159,Bingo Hall,52.05478195,1.134026185
390030160,Compair Crescent,52.05258402,1.137869514
390030161,Compair Crescent,52.0526045,1.139125563
390030162,Railway Station,52.05108054,1.143657667
390030163,Railway Station,52.05111998,1.143864671
390030165,Railway Station,52.05058266,1.145125248
390030168,Fire Station,52.05267476,1.145928761
390030169,Fire Station,52.05279382,1.146185138
390030170,St Clare House,52.05477435,1.147797897
390030171,St Clare House,52.05499335,1.148353108
390030179,Larchwood Close,52.05382067,1.111944259
390030180,Luther Road,52.04876285,1.147258403
390030181,Luther Road,52.04865001,1.146769089
390030182,Oak Hill Lane,52.04761475,1.14478542
390030183,Oak Hill Lane,52.04766313,1.144657537
390030184,Gorsehayes,52.04649624,1.142212539
390030185,Gorsehayes,52.04600005,1.141258766
390030186,Cedar House,52.04440655,1.139294544
390030189,Heatherhayes,52.04460196,1.138374748
390030190,Heatherhayes,52.04349496,1.140426634
390030192,Fernhayes,52.04248166,1.139976337
390030194,Halifax Primary School,52.04199149,1.143515302
390030195,Halifax Primary School,52.04170217,1.142561548
390030196,Broomhayes,52.0420707,1.140210046
390030199,Chatsworth Crescent,52.04105536,1.139161652
390030200,Lanercost Way,52.04024572,1.138156893
390030202,ASDA,52.03884689,1.135973335
390030203,Blyth Close,52.03654996,1.136104138
390030206,Winchester Way,52.032342,1.133695091
390030208,Downside Close,52.03258033,1.127776907
390030210,Furness Close,52.03422583,1.126098187
390030213,Egglestone Close,52.03636006,1.129382564
390030215,Butley Close,52.03496163,1.129547328
390030217,Leicester Close,52.03554289,1.131702475
390030219,Glastonbury Close,52.03601308,1.132960338
390030221,Lindisfarne Close,52.03733977,1.13515319
390030223,Magdalene Close,52.04157861,1.128288826
390030225,Underpass,52.04117812,1.125081366
390030227,Cambridge Drive,52.03902784,1.123414544
390030230,St Catherines Court,52.03811812,1.125159471
390030233,Girton Way,52.03830471,1.128293431
390030235,Downing Close,52.03962444,1.128721076
390030242,Old Cattle Market Bus Station,52.05531559,1.155130698
390030243,Old Cattle Market Bus Station,52.05524378,1.155125634
390030245,Old Cattle Market Bus Station,52.05564852,1.154789433
390030246,Old Cattle Market Bus Station,52.05551464,1.154750816
390030249,Old Cattle Market Bus Station,52.05537374,1.154638756
390030256,Revolution,52.05599238,1.154711548
390030258,Tower Ramparts Bus Station,52.05918232,1.154819739
390030259,Tower Ramparts Bus Station,52.05919988,1.154164394
390030260,Tower Ramparts Bus Station,52.05918544,1.154367646
390030261,Tower Ramparts Bus Station,52.05918856,1.154586727
390030262,Tower Ramparts Bus Station,52.05927287,1.15513253
390030263,Tower Ramparts Bus Station,52.05928848,1.154885588
390030264,Tower Ramparts Bus Station,52.05928731,1.15459369
390030265,Tower Ramparts Bus Station,52.05929316,1.154375241
390030266,Tower Ramparts Bus Station,52.05929004,1.154156159
390030267,Tower Ramparts Bus Station,52.05918466,1.155067947
390030268,Tower Ramparts Bus Station,52.05937786,1.15524207
390030270,Tower Ramparts Bus Station,52.05938137,1.154775412
390030272,Tower Ramparts Bus Station,52.05937551,1.154322684
390030273,Tower Ramparts Bus Station,52.05937278,1.154089038
390030274,Gippeswyk Avenue,52.05067517,1.141659826
390030275,Ancaster Road,52.05013102,1.141154823
390030276,Talmash Gardens,52.04957552,1.137702352
390030277,Talmash Gardens,52.04910438,1.137494275
390030282,Plover Road,52.04310995,1.125828802
390030283,Plover Road,52.04349876,1.126089319
390030284,Sheldrake Drive,52.04506445,1.126738337
390030285,Sheldrake Drive,52.04526598,1.127277513
390030286,Gannet Road,52.04478333,1.122080378
390030287,Gannet Road,52.04498807,1.121482045
390030289,Tern Road,52.04302775,1.122147555
390030290,Tern Road,52.04297736,1.122012773
390030291,Heron Road,52.0437129,1.124120634
390030292,Heron Road,52.04367506,1.124190921
390030295,Balmoral Close,52.03780693,1.131117053
390030297,Holyrood Close,52.03994554,1.133556356
390030300,Tesco,52.04029974,1.098082634
390030301,Greenspire Grove,52.0400226,1.102117891
390030302,Greenspire Grove,52.03949501,1.102343852
390030303,Ward Road,52.04047301,1.103797139
390030304,Ward Road,52.0404239,1.103954164
390030305,Skylark Lane,52.0421602,1.105299681
390030306,Skylark Lane,52.04211301,1.105383918
390030307,Pinewood Surgery,52.04225496,1.10784405
390030308,Pinewood Surgery,52.04221622,1.107608001
390030309,Fir Tree Rise,52.04082091,1.108677919
390030310,Fir Tree Rise,52.04012183,1.108585628
390030311,Sycamore Close,52.03840459,1.108903923
390030312,Sycamore Close,52.03796843,1.109413235
390030313,Shortlands,52.03686142,1.112165523
390030314,Shortlands,52.03673406,1.112900418
390030315,Swinton Close,52.03754465,1.115917226
390030316,Swinton Close,52.03765827,1.116041801
390030318,Ellenbrook Green Turning Point,52.0357958,1.117428828
390030319,Nursery,52.03328919,1.119704144
390030321,Belstead Arms,52.03848149,1.116201176
390030322,Belstead Arms,52.03883916,1.116619835
390030323,Manchester Road,52.04090024,1.116223675
390030324,Manchester Road,52.041068,1.116001996
390030325,Holcombe Crescent,52.04349612,1.116010558
390030327,Bunting Road,52.04406291,1.117362719
390030328,Bunting Road,52.04422896,1.117884783
390030329,Gannet Road,52.04496855,1.120182533
390030330,Gannet Road,52.04498391,1.120621182
390030331,Aster Road,52.04650446,1.122973503
390030332,Aster Road,52.04687426,1.12361194
390030333,Sorrel Close,52.04752779,1.128806696
390030334,Sorrel Close,52.04732286,1.128734024
390030335,Chantry Academy,52.04649727,1.130018277
390030336,Chantry Academy,52.04647281,1.130600026
390030337,Orwell Gardens,52.04661358,1.133760566
390030338,Orwell Gardens,52.046468,1.133823307
390030339,Maple Close,52.04835056,1.134392725
390030340,Maple Close,52.04833215,1.134070519
390030341,Primrose Hill,52.04841991,1.131786483
390030342,Primrose Hill,52.04815911,1.13144732
390030344,Lavender Hill,52.04828218,1.128509339
390030346,Thistle Close,52.04967812,1.131145145
390030348,Speedwell Road,52.05096975,1.131614794
390030349,Wallers Grove,52.05162212,1.132448204
390030351,Lupin Road,52.05251818,1.130205944
390030353,Coltsfoot Road,52.05158045,1.12758743
390030356,Coltsfoot Road,52.05093899,1.125325237
390030357,Shamrock Avenue,52.04865871,1.1234739
390030359,Stonechat Road,52.04417179,1.113928077
390030363,Sprites Lane,52.04292434,1.110763816
390030365,Kelly Road,52.05493994,1.12808483
390030366,Kelly Road,52.0547641,1.127255544
390030367,Orwell Housing Assoc,52.0525279,1.123743936
390030368,Orwell Housing Assoc,52.0520106,1.123241005
390030369,Robin Drive,52.05067856,1.119544853
390030370,Robin Drive,52.05065117,1.12057868
390030371,Curlew Road,52.04985959,1.119225196
390030373,Kingfisher Avenue,52.04812164,1.11828721
390030377,Chantry Green,52.04636457,1.113993094
390030379,Holiday Inn,52.04696526,1.107937687
390030380,Holiday Inn,52.04763023,1.104891457
390030381,Holiday Inn,52.04789196,1.104515767
390030382,Lacey Street,52.05837518,1.165457651
390030384,Medical Centre,52.05907245,1.167622639
390030385,Duke of York,52.0595656,1.169350099
390030438,Brook Car Sales,52.03728914,1.202526026
390030439,Brook Car Sales,52.03718234,1.203145487
390030440,Warren Heath Road,52.0394246,1.200068158
390030441,Warren Heath Road,52.03872168,1.201111733
390030442,Church,52.04122397,1.198723686
390030449,Sainsbury's Car Park,52.03627828,1.207280841
390030450,Euro Retail Park,52.03354034,1.205436918
390030451,Euro Retail Park,52.03347144,1.204994511
390030454,The Thrasher,52.03098546,1.202483532
390030455,The Thrasher,52.03096605,1.202205092
390030460,Crane Boulevard,52.03195935,1.199082657
390030461,Crane Boulevard,52.03211037,1.199151773
390030462,The Drift,52.03385576,1.195820382
390030463,The Drift,52.03367363,1.196565677
390030464,Lindbergh Road,52.03533876,1.192542946
390030465,Grosvenor Court,52.03711791,1.189286391
390030485,Foxhall Road,52.05041922,1.201248121
390030486,Foxhall Road,52.05047004,1.201032936
390030499,St Augustines Gardens,52.04305599,1.198825418
390030500,St Augustines Gardens,52.04377875,1.199037509
390030501,Princethorpe Road,52.04611585,1.200079733
390030502,Princethorpe Road,52.04567442,1.20010652
390030505,Bixley Road,52.0481546,1.200517242
390030506,Bixley Road,52.04764017,1.200582566
390030511,Hossack Road,52.03279744,1.184093648
390030512,Hossack Road,52.03264483,1.184082798
390030521,Windermere Close,52.03174313,1.186162225
390030522,Windermere Close,52.03161619,1.186532322
390030523,Sports Centre,52.03214429,1.18795519
390030524,Sports Centre,52.0321657,1.188160862
390030529,The Raven,52.0294937,1.199460626
390030530,The Raven,52.02964077,1.199675269
390030531,Primary School,52.02983404,1.194877248
390030532,Primary School,52.02976409,1.195134721
390030533,Demoiselle Crescent,52.03105737,1.193214713
390030534,Demoiselle Crescent,52.03080158,1.19369225
390030535,Busway,52.0328748,1.189873722
390030536,Busway,52.03302286,1.189388469
390030553,Northgate School,52.0715394,1.181918257
390030554,Northgate School,52.07185107,1.182699371
390030555,Fairlight Close,52.07230783,1.185431975
390030556,Fairlight Close,52.07254727,1.186222577
390030557,Turning Circle,52.07296468,1.188412428
390030558,Turning Circle,52.07289238,1.188757561
390030565,Rugby Club,52.07295383,1.190805292
390030566,Rugby Club,52.07304123,1.1908991
390030567,Roxburgh Road,52.07176809,1.195726763
390030571,Caithness Close,52.06647092,1.191072463
390030572,Caithness Close,52.06665549,1.191231563
390030573,Selkirk Road,52.06819452,1.192187814
390030574,Cromarty Road,52.06921777,1.191268447
390030575,Aberdeen Way,52.07016003,1.191014605
390030576,Aberdeen Way,52.07061725,1.190405066
390030577,Lanark Road,52.07186953,1.190990636
390030578,Lanark Road,52.0718066,1.191321829
390030579,Rivers Street,52.06137765,1.173199302
390030580,Rivers Street,52.06124844,1.17332146
390030595,Royal George,52.06932862,1.182519863
390030596,Royal George,52.06928019,1.182647765
390030599,Sidegate Lane,52.06824369,1.182063226
390030601,Sidegate Avenue,52.06657117,1.180718408
390030602,Sidegate Avenue,52.06652557,1.180408708
390030603,Stradbroke Road,52.06409262,1.179579069
390030604,Stradbroke Road,52.06383465,1.179473179
390030605,Nelson Road,52.06182832,1.178498859
390030606,Nelson Road,52.0617645,1.179530332
390030607,Khartoum Road,52.06160164,1.175900041
390030608,Khartoum Road,52.06143692,1.17600508
390030619,Norbury Road,52.06486203,1.191366281
390030620,Norbury Road,52.06451845,1.191764954
390030623,Crofton Road,52.06175178,1.194952834
390030624,Crofton Road,52.06198173,1.194764971
390030657,The Railway,52.05229814,1.183365593
390030658,The Railway,52.05245279,1.182968112
390030659,Orwell Road,52.05226577,1.18489509
390030660,Orwell Road,52.05207079,1.185785702
390030661,Camden Road,52.05190829,1.18780193
390030662,Camden Road,52.05189184,1.18940549
390030663,St Clements Hospital,52.05172721,1.191830023
390030664,Chilton Road,52.05170881,1.194498391
390030665,Chilton Road,52.05183059,1.195644985
390030666,Heath Lane,52.05114022,1.199870046
390030667,Heath Lane,52.05099687,1.200180737
390030668,Bridge School,52.05447795,1.202151227
390030669,Bridge School,52.05516888,1.2018797
390030670,Adelaide Road,52.056186,1.201850354
390030672,Heath Road Hospital,52.0578316,1.200538251
390030674,Woodbridge Road East,52.06043136,1.199527746
390030679,Library,52.058801,1.156295684
390030680,Museum Street,52.05886646,1.150828819
390030681,Museum Street,52.05835945,1.15061803
390030684,Willis Building,52.05592317,1.150577796
390030685,Willis Building,52.05594116,1.151250187
390030686,Willis Building,52.05614024,1.151876975
390030689,Buttermarket,52.0572472,1.156215258
390030698,Powling Road,52.04222398,1.180403058
390030699,Powling Road,52.04171695,1.180527475
390030700,Benacre Road,52.03936118,1.180170528
390030701,Benacre Road,52.03908794,1.180296963
390030702,Landseer Park,52.03759308,1.180365791
390030703,Co-op Shops,52.03654888,1.181064548
390030710,Landseer Road,52.03795687,1.188529449
390030711,Landseer Road,52.03794325,1.188368057
390030712,Nacton Crescent,52.03997969,1.185902439
390030713,Queens Way,52.04047349,1.185602129
390030714,Murrayfield School,52.04182938,1.184021315
390030715,Murrayfield School,52.04251964,1.183107772
390030716,Orwell Business Centre,52.04187978,1.166478962
390030717,Greenwich Close,52.04096326,1.167449662
390030718,Holbrook Road,52.03793253,1.171449993
390030719,Holbrook Road,52.03786377,1.171999308
390030720,Bus Shelter,52.03786044,1.170453187
390030722,Robeck Road,52.03727141,1.167276
390030729,Hogarth Road,52.03683733,1.174376623
390030731,Bonnington Road,52.03660137,1.175789071
390030732,Bonnington Road,52.03634991,1.176442071
390030733,All Hallows,52.03612507,1.17877403
390030734,All Hallows,52.03616701,1.179885338
390030746,Onehouse Lane,52.07258251,1.151488619
390030747,Onehouse Lane,52.07273161,1.151630482
390030748,The Grove,52.07557887,1.151772775
390030749,The Grove,52.07528497,1.151664484
390030750,Clive Avenue,52.07773098,1.151340606
390030751,Clive Avenue,52.07773489,1.15153064
390030752,Larchcroft Road,52.08002319,1.150378166
390030753,Larchcroft Road,52.08010007,1.150193815
390030754,Henley Avenue,52.08175023,1.149361218
390030755,Henley Avenue,52.08169833,1.149620327
390030756,Defoe Road,52.08491753,1.149306983
390030757,Defoe Road,52.08492962,1.149191042
390030758,Lincoln Close,52.08323749,1.146210515
390030759,Lincoln Close,52.08286201,1.146125696
390030760,Pearcroft Road,52.08079221,1.14583406
390030761,Pearcroft Road,52.08126843,1.146524476
390030764,Recreation Ground,52.08032195,1.142224558
390030765,Recreation Ground,52.08025911,1.142220142
390030766,Elmcroft Road,52.08050627,1.139697522
390030774,Ashcroft Road,52.07371505,1.135002612
390030775,Ashcroft Road,52.07408821,1.135174728
390030776,Pinecroft Road,52.07605142,1.137443418
390030777,Pinecroft Road,52.07586794,1.137240795
390030778,Willowcroft Road,52.07762109,1.139290567
390030779,Willowcroft Road,52.07781349,1.139158108
390030780,Cedarcroft Road,52.07887201,1.139261621
390030781,Congreve Road,52.08010027,1.139070512
390030808,Adair Road,52.06889338,1.11810067
390030810,Farthing Road,52.06310232,1.113304865
390030811,Farthing Road,52.06288239,1.112778847
390030812,Morrisons,52.06489892,1.119164739
390030813,Morrisons,52.06509999,1.119383056
390030814,Boss Hall Road,52.06589927,1.123159959
390030815,Boss Hall Road,52.06584386,1.123214462
390030816,Wallace Road,52.067527,1.125199935
390030817,Wallace Road,52.06755221,1.124588775
390030818,Jovian Way,52.06820826,1.121555362
390030820,Shafto Road,52.07074419,1.121907489
390030857,Ipswich School,52.06556918,1.152088941
390030859,Elsmere Road,52.06836222,1.153584615
390030860,Elsmere Road,52.0683669,1.153745477
390030861,Woodstone Avenue,52.07063336,1.152402068
390030862,Woodstone Avenue,52.07056545,1.152251337
390030865,Park Road,52.0674212,1.153459894
390030866,Park Road,52.06733923,1.153497896
390030871,Berners Street,52.06213481,1.149687386
390030879,Chepstow Road,52.08444775,1.145346765
390030880,Chepstow Road,52.0843517,1.144902039
390030881,Mitford Close,52.08478312,1.142216967
390030882,Mitford Close,52.0846204,1.142585102
390030883,Heathercroft Road,52.08466252,1.138982108
390030884,Heathercroft Road,52.08442427,1.137797465
390030885,Parnell Road,52.08459352,1.134480781
390030886,Parnell Road,52.08452004,1.133862472
390030893,Byron Road,52.0851374,1.13127791
390030894,Byron Road,52.08514114,1.130460621
390030895,Shakespeare Road,52.08461075,1.127065719
390030896,Shakespeare Road,52.08409867,1.127044495
390030897,Spenser Road,52.08174177,1.127740918
390030898,Spenser Road,52.08173589,1.127623722
390030903,Crown Street,52.05956131,1.156115867
390030905,Barrack Corner,52.06007654,1.146609693
390030907,Wilberforce Street,52.06165842,1.142270544
390030908,Wilberforce Street,52.06212899,1.141150856
390030909,Wellington Street,52.06244025,1.139596803
390030910,Sirdar Road,52.06310005,1.138125544
390030911,Sir John Mills Theatre,52.06322247,1.137244021
390030912,Beaconsfield Road,52.06383496,1.13552132
390030913,Tower Mill Road,52.06439119,1.133546562
390030914,Riverside Road,52.06518898,1.131617852
390030915,Riverside Road,52.06495772,1.132535584
390030916,Red Lion,52.0662813,1.129096777
390030917,Red Lion,52.06642401,1.128464668
390030920,Henniker Road,52.06928707,1.120215044
390030922,Brockley Crescent,52.07155243,1.121613637
390030924,Galway Avenue,52.07198594,1.121206053
390030925,Galway Avenue,52.0720929,1.121242707
390030926,Agate Close,52.07265593,1.119340867
390030929,High View,52.0731013,1.115766931
390030930,Morgan Drive,52.07364588,1.114899963
390030933,Maudslay Road,52.07680357,1.115207508
390030934,Donegal Road,52.07906359,1.116810084
390030936,Asda,52.08319092,1.115141648
390030939,Norwich Road,52.07871198,1.126682337
390030940,Meredith Road,52.07914861,1.127851451
390030941,BP Garage,52.07786649,1.126345875
390030942,BP Garage,52.07701034,1.127088819
390030943,Castle Road,52.07530855,1.128516974
390030944,Highfield Approach,52.07409165,1.130650357
390030945,Highfield Approach,52.07363149,1.130705714
390030946,Norbridge Social Club,52.07180999,1.132913364
390030947,Norbridge Social Club,52.07101619,1.133339377
390030948,Springfield Lane,52.06975265,1.134856208
390030949,Springfield Lane,52.0691938,1.135240262
390030950,Richmond Road,52.06782568,1.136968548
390030951,Richmond Road,52.06767501,1.136885013
390030952,Westwood Avenue,52.06623276,1.139031188
390030953,Westwood Avenue,52.06608947,1.138670902
390030954,YMCA,52.06422954,1.140627105
390030955,YMCA,52.06423895,1.140948797
390030956,Cumberland Towers,52.06234611,1.142114563
390030964,Goddard Road,52.0814622,1.11385336
390030966,Goddard Road,52.08225866,1.112303041
390030968,Bramford Lane,52.07326618,1.118712054
390030970,Co-Op Shops,52.0751681,1.118552782
390030971,Co-Op Shops,52.0751959,1.118861234
390030973,Kildare Avenue,52.07696984,1.120138084
390030975,Mayo Court,52.07913683,1.121515466
390030977,Waterford Road,52.0802753,1.119960031
390030990,Stoke Street,52.05001877,1.153765315
390030991,Co-op,52.04902196,1.155387217
390030999,Plumb Center,52.08193637,1.115988503
390031001,Cotman Road,52.03540011,1.181639177
390031002,Cotman Road,52.03532279,1.181837846
390031007,Gordon Road,52.06190534,1.181641548
390031011,Anglesea Road,52.06293502,1.151713638
390031012,Anglesea Road,52.06307357,1.151577479
390031013,Granville Street,52.06135769,1.144102529
390031014,Shops,52.03651167,1.169438934
390031015,Listers,52.03920145,1.167412528
390031046,Ipswich Hospital,52.05643057,1.199139527
390031054,St Marys Church,52.04992819,1.152446039
390031062,Waitrose,52.03323938,1.203607154
390031077,Anglia Parkway South,52.08351718,1.117427158
390031078,Portland Place,52.06854148,1.121199182
390039014,St Clements Hospital,52.05180869,1.192142191
390039018,Lindbergh Road,52.03553122,1.192410836
390039026,Sinclair Drive,52.04565403,1.154872665
390039027,Sinclair Drive,52.04550454,1.154745439
390040003,Icknield House,52.2079129,1.177284084
390040004,Icknield House,52.20791724,1.177123358
390040005,Kenton Road,52.22077431,1.183943093
390040006,Kenton Road,52.22052129,1.184320363
390040008,Resource Centre,52.22313049,1.18261801
390040009,The Butts,52.2279386,1.180750537
390040010,Gardeners Cottage,52.22766378,1.180935926
390040011,Bus Shelter,52.22584462,1.181025489
390040012,Bus Shelter,52.22620259,1.180758181
390040013,High School,52.22420962,1.171272164
390040014,High School,52.22429041,1.171277925
390040015,Henry Street,52.22463805,1.173733798
390040016,Henry Street,52.22467074,1.174190129
390040017,Henniker Road,52.22518407,1.177170467
390040018,Henniker Road,52.22506037,1.177088403
390040039,Laceys Corner,52.23269503,1.130717419
390040040,Laceys Corner,52.23289801,1.13086354
390040045,Bus Shelter,52.25418878,1.114792748
390040046,Bus Shelter,52.25435462,1.114643173
390040047,Hall Lane,52.25054807,1.114728028
390040048,Hall Lane,52.25063514,1.114836705
390040050,Crossroads,52.21273656,1.125008465
390040051,Mendlesham Turning,52.24993733,1.102068806
390040052,Mendlesham Turning,52.24970482,1.10236029
390040053,Wetheringsett Turn,52.25745926,1.10228626
390040054,Wetheringsett Turn,52.25757391,1.102030463
390040059,Kings Head,52.25081576,1.08193769
390040060,Kings Head,52.25077565,1.082096095
390040293,The Grindle,52.06629769,1.094439772
390040294,The Grindle,52.06631297,1.094542979
390040295,Fitzgerald Road,52.0731945,1.097573281
390040296,Fitzgerald Road,52.07314884,1.097599309
390040297,St Marys Close,52.07394181,1.098909436
390040298,St Marys Close,52.07385587,1.098757528
390040299,Loraine Way,52.07283426,1.094512572
390040300,Loraine Way,52.07298799,1.095165391
390040301,Waterpark,52.09051527,1.091458628
390040302,Waterpark,52.0905722,1.091345759
390040303,Acton Road,52.07854486,1.09521432
390040304,Acton Road,52.07843428,1.094973116
390040305,Angel,52.07736992,1.095775231
390040306,Angel,52.07721518,1.096187814
390040307,Cock,52.07512273,1.097779826
390040308,Co-Op,52.07606158,1.097304813
390040309,Chapel Field,52.08016624,1.100931964
390040310,Chapel Field,52.08011544,1.100811662
390040315,Duke of Marlborough,52.09827189,1.041205325
390040316,Duke of Marlborough,52.09834184,1.041283101
390040317,Limeburners,52.10310792,1.025936729
390040318,Limeburners,52.10327551,1.026064918
390040319,Springfield Road,52.09636239,1.046536702
390040320,Springfield Road,52.09634601,1.046126715
390040321,The Beeches,52.09653534,1.076907349
390040322,The Beeches,52.09643522,1.076608402
390040323,Five Ways,52.1183402,1.150261482
390040324,Five Ways,52.11829141,1.150068108
390040369,Pound Lane,52.09643229,1.093547295
390040463,Manor View,52.17270671,1.145926727
390040464,Manor View,52.1727633,1.145828327
390040468,Stonewall Farm,52.14431159,1.143631277
390040469,Village Store,52.1456458,1.117104203
390040477,Stonham Barns,52.18972509,1.138421934
390040478,Stonham Barns,52.18984335,1.138371735
390040479,Ten Bells,52.19229141,1.121027044
390040480,Ten Bells,52.1922305,1.120949603
390040481,The Green,52.19923358,1.127851354
390040482,The Green,52.19919102,1.127760544
390040737,Church,52.25792167,1.115113105
390040738,Church,52.25818037,1.114852783
390040739,Leisure Centre,52.22360726,1.169925832
390040756,Leggatt Drive,52.07900731,1.10156684
390040757,Leggatt Drive,52.07900884,1.101508559
390040781,Old Mission Hall,52.19072899,1.167804282
390040782,Old Mission Hall,52.19072433,1.167642977
390040783,Bus Shelter,52.19166262,1.167534115
390040784,Bus Shelter,52.19172074,1.167713861
390040787,Stonewall Farm,52.14403836,1.14342198
390040798,Does Field,52.18959085,1.129939731
390040799,Does Field,52.1895541,1.129629848
390040800,Pound Corner,52.19393429,1.118420131
390040824,Watergarden,52.21096842,1.133683187
390040844,Tollgate Farm,52.17839341,1.153233539
390040845,Tollgate Farm,52.17842229,1.153162435
390040846,Green Hill,52.1520928,1.121239338
390040847,Green Hill,52.15210449,1.121137808
390040852,Village Store,52.14581395,1.116867432
390040853,Crossroads,52.21269421,1.125927873
390040854,Crossroads,52.2124048,1.124970524
390040866,Cemetery,52.08088144,1.092544144
390040867,Cemetery,52.08087455,1.092806425
390040994,Cross Keys,52.12729072,1.145150295
390040995,Cross Keys,52.12725676,1.145074837
390040996,Church Lane,52.14040807,1.141952938
390040997,Church Lane,52.14021371,1.142158508
390041018,Fire Station,52.22202381,1.181967696
390041019,Fire Station,52.22188601,1.182074991
390041043,Church,52.24979941,1.082629159
390041044,Church,52.2498718,1.082956549
390041087,Broke Avenue,52.07714968,1.100387043
390041088,Broke Avenue,52.07733421,1.100210085
390041099,Recreation Ground,52.14867555,1.117827653
390041100,Recreation Ground,52.14855856,1.118170351
390041139,Pound Corner,52.19387502,1.118620866
390060386,Eagle Way,52.05987811,1.275260507
390060397,Golf Course,52.05434961,1.306369414
390060399,Primary School,52.05220299,1.321281247
390060400,Mill Road,52.0523819,1.322271996
390060403,Fox,52.03985608,1.313860257
390060406,Jacksons Road,52.03354876,1.308187357
390060407,Chapel Road,52.02306252,1.29949623
390060418,Croxton Close,52.00544012,1.321968671
390060421,Bus Shelter,51.98838917,1.312314318
390060424,Three Mariners,51.98476852,1.314086341
390060425,Reeve Lodge,51.98681433,1.312343696
390060466,Trimley Lodge,51.98204574,1.316550802
390060468,Faulkeners Way,51.97732288,1.32454723
390060470,Spriteshall Lane,51.97607559,1.328896913
390060472,Half Moon,51.97330744,1.336759674
390060473,St Marys Church,51.971411,1.341147693
390060475,Exeter Road,51.96933186,1.343730589
390060478,Cornwall Road,51.96822815,1.345221033
390060550,Tesco,52.06637001,1.277268199
390060555,Felixstowe Road,52.07347834,1.282007359
390060558,Water Bridge,52.07829674,1.285966639
390060560,Nursery,52.08170112,1.287413969
390060607,Turban Centre,52.09282301,1.320576153
390060615,Deben Pool,52.09070349,1.316315597
390060617,Cherry Tree,52.09027464,1.310779023
390060618,Ipswich Road,52.08768657,1.303652014
390060624,Duke of York,52.08644114,1.296420479
390060815,Great Eastern Square,51.96698778,1.352773313
390060818,Cinema,51.96417655,1.351369379
390060826,High School,51.9640061,1.344717108
390060884,Park Lane,52.01137469,1.316607439
390060886,Primary School,51.99892166,1.313587829
390060890,Fen Meadow,51.98244207,1.323542793
390060892,Punchard Way,51.97998503,1.326463228
390061033,Hall,52.03738079,1.314245825
390061068,Rectory Lane,52.00843339,1.317570331
390061069,Back Road,52.00378741,1.326028716
390061108,Daines Place,51.97817193,1.324420798
390061110,Shops,51.98034307,1.323023155
390061113,Brotherton Avenue,51.98182598,1.31860294
390061127,Princes Gardens,51.9627365,1.345714513
390061129,Leopold Road,51.9634288,1.350148736
390061172,Beatrice Avenue,51.97150803,1.352280927
